Nome do Candidato;Temática;Proposta
Gabriel Azevedo;Administração Pública;Concluir o passivo do Orçamento Participativo e consolidar o novo formato impositivo do OP, garantindo agilidade na viabilização das obras escolhidas e facilitando o acompanhamento pela população.
Gabriel Azevedo;Administração Pública;Nomear os aprovados no concurso público para fiscalização da prefeitura que ainda não foram convocados.
Gabriel Azevedo;Administração Pública;"Retomar a importância da regionalização da administração pública, transformando as antigas Coordenadorias Regionais em ""Prefeituras Regionais""."
Gabriel Azevedo;Infraestrutura Urbana;Garantir zonas da cidade em que a manutenção de calçadas seja função da prefeitura, e não dos proprietários.
Gabriel Azevedo;Infraestrutura Urbana;Implantar política de substituição gradual da fiação aérea por rede subterrânea.
Gabriel Azevedo;Desenvolvimento Social;Criar uma força-tarefa nas áreas com maior vulnerabilidade econômica e social para melhorar os indicadores que compõem o Índice de Desenvolvimento Humano (IDH).
Gabriel Azevedo;Saúde;Acabar com o papel nos procedimentos e criar um banco de dados inteligente para orientar políticas públicas municipais, evitando problemas existentes no SIGRAH.
Gabriel Azevedo;Saúde;Diminuir a média de espera de consulta especializada de 90 para 45 dias até 2028.
Gabriel Azevedo;Saúde;Zerar a fila atual de 30 mil cirurgias eletivas, com um mutirão na madrugada e parceria com a rede privada.
Gabriel Azevedo;Saúde;Garantir o cumprimento do Passe Livre para pessoas que necessitam de tratamento de saúde.
Gabriel Azevedo;Educação;Implantar sistema de busca ativa contra o abandono e evasão escolar, com cadastro de permanência de aluno.
Gabriel Azevedo;Educação;Oferecer formação ambiental e técnica-tecnológica no contraturno escolar.
Gabriel Azevedo;Educação;Aumentar a transparência e participação com canais de comunicação eficientes entre administração municipal e comunidade escolar.
Gabriel Azevedo;Educação;Estabelecer parcerias para suprir a demanda de vagas nas creches e berçários municipais.
Gabriel Azevedo;Educação;Expandir e garantir acesso ao passe livre estudantil.
Gabriel Azevedo;Educação;Valorizar os professores com reajustes salariais compatíveis com a inflação e recomposição das perdas salariais.
Gabriel Azevedo;Educação;Garantir merenda escolar para crianças nas férias, com atividades integradas.
Gabriel Azevedo;Educação;Investir em programas de capacitação e formação para profissionais da educação, em parceria com a UFMG.
Gabriel Azevedo;Desenvolvimento Econômico;Seguir um plano de desenvolvimento socioeconômico de longo prazo, focado na atração de investimentos em economia verde e inovação.
Gabriel Azevedo;Habitação;Modernizar o Código de Edificações conforme sugestões da Comissão Especial da Câmara Municipal.
Gabriel Azevedo;Habitação;Criar pacote de estímulos a tecnologias mais eficientes para a construção civil.
Gabriel Azevedo;Habitação;Fornecer assistência profissional e material para melhoria das habitações em vilas e favelas.
Gabriel Azevedo;Habitação;"Diversificar modelos de habitação social, não dependendo exclusivamente do ""Minha Casa, Minha Vida""."
Gabriel Azevedo;Fiscalização;Impedir ocupação irregular de áreas públicas, especialmente nas margens dos cursos d'água.
Gabriel Azevedo;Mobilidade Ativa;Ampliar a quantidade de zonas 30 na cidade.
Gabriel Azevedo;Mobilidade Ativa;Garantir ciclovias de material permeável e não apenas pintadas.
Gabriel Azevedo;Mobilidade Ativa;Integrar a rede de ciclovias ao sistema de transporte coletivo e permitir bicicletas nos ônibus 24h/dia.
Gabriel Azevedo;Mobilidade Ativa;Ampliar a rede de ciclovias priorizando a conexão entre vias existentes.
Gabriel Azevedo;Mobilidade Ativa;Ampliar pontos de aluguel de bicicletas compartilhadas, incluindo elétricas.
Gabriel Azevedo;Transporte Público;Garantir financiamento para troca da frota por ônibus elétricos não-poluentes.
Gabriel Azevedo;Transporte Público;Construir corredores de BRT na avenida Amazonas.
Gabriel Azevedo;Segurança;Criar um novo centro de preparação para a Guarda Municipal.
Gabriel Azevedo;Segurança;Implementar propostas para a saúde mental do efetivo da Guarda Municipal.
Gabriel Azevedo;Segurança;Realizar concursos públicos para a Guarda Municipal.
Bruno Engler;Educação;"Construção de novas EMEIs;"
Bruno Engler;Educação;"Mais vagas em tempo integral para o ensino infantil e fundamental;"
Bruno Engler;Educação;"Ampliação da rede parceira de educação infantil;"
Bruno Engler;Educação;"Melhorar a qualidade do ensino na rede municipal;"
Bruno Engler;Educação;"Garantir infraestrutura adequada em todas as escolas de Belo Horizonte, ampliando, também, a parceria público-privada (PPP);"
Bruno Engler;Educação;"Modernizar o ensino com novas tecnologias;"
Bruno Engler;Educação;"Melhorar as condições de trabalho para profissionais da educação;"
Bruno Engler;Educação;"Criar novas parcerias para a implementação do modelo de gestão cívicomilitar em unidades de ensino com maior vulnerabilidade social;"
Bruno Engler;Educação;"Ampliação do número de escolas especiais e melhoria da estrutura das escolas da rede municipal com equipes de profissionais especializados e multidisciplinares para atender alunos com transtorno do espectro autista (TEA) ou com alguma deficiência;"
Bruno Engler;Educação;"Criação de sala sensorial em escolas que tenham alunos matriculados portadores do transtorno do espectro autista (TEA);"
Bruno Engler;Educação;Promoção da segurança no ambiente escolar com guardas municipais nas escolas.
Bruno Engler;Mobilidade Ativa;"Implantação de sistemas de controle de tráfego com o uso de inteligência artificial;"
Bruno Engler;Mobilidade Ativa;"Incentivar o uso de transporte sustentável, como transporte público e veículos elétricos;"
Bruno Engler;Mobilidade Ativa;"Melhorar a cobertura e a frequência das linhas de ônibus, com foco em áreas carentes e integração com outros meios de transporte;"
Bruno Engler;Mobilidade Ativa;"Fiscalizar e aprimorar a gestão dos contratos do transporte coletivo de BH;"
Bruno Engler;Mobilidade Ativa;"Modernizar e melhorar o sistema de monitoramento do transporte coletivo de BH;"
Bruno Engler;Mobilidade Ativa;"Apoiar a construção do Rodoanel a ser realizado pelo Governo do Estado para descongestionar o trânsito de BH;"
Bruno Engler;Mobilidade Ativa;"Cobrar da concessionária Metrô BH o cumprimento do cronograma da construção da Linha 2 do Metrô;"
Bruno Engler;Mobilidade Ativa;"Revisão do Plano Diretor de forma a contemplar um maior aproveitamento urbano e uma maior verticalização da capital;"
Bruno Engler;Mobilidade Ativa;"Liderar o processo de integração da região metropolitana de BH;"
Bruno Engler;Mobilidade Ativa;"Intensificar a manutenção de vias e a requalificação de ruas e avenidas;"
Bruno Engler;Mobilidade Ativa;Ampliar as ações de revitalização do centro da capital, permitindo a reocupação desse importante espaço público com segurança.
Bruno Engler;Saúde;"Integralizar e digitalizar todas as informações do sistema de saúde municipal;"
Bruno Engler;Saúde;"Construção de novas UBSs e UPAs para reduzir a sobrecarga do sistema de saúde e melhorar o acesso;"
Bruno Engler;Saúde;"Melhorar a coordenação da rede, entre UBSs, UPAs e hospitais púbicos e privados;"
Bruno Engler;Saúde;"Implantação do teleatendimento;"
Bruno Engler;Saúde;"Criação de aplicativo que informe, em tempo real, a situação das filas nas unidades de saúde, marcação de consultas, exames, disponibilidade de medicamentos e vacinas;"
Bruno Engler;Saúde;"Descentralização do atendimento especializado para as unidades de saúde de BH;"
Bruno Engler;Saúde;"Fortalecimento da rede hospitalar própria, com foco no aprimoramento da gestão dos hospitais Odilon Behrens e Dr. Célio de Castro;"
Bruno Engler;Saúde;"Fortalecer e estreitar a parceria com os hospitais filantrópicos;"
Bruno Engler;Saúde;"Desenvolver programas e campanhas educacionais em saúde para promover hábitos saudáveis e a prevenção de doenças;"
Bruno Engler;Saúde;"Foco na prevenção de doenças crônicas, com o desenvolvimento de programas específicos para combater a diabetes e a hipertensão;"
Bruno Engler;Saúde;"Implantação de programa de prevenção da pré-eclâmpsia e, por consequência, da eclâmpsia, disponibilizando exames de ultrassom com Doppler, um tipo de exame, da artéria uterina e medicamentos de forma gratuita;"
Bruno Engler;Saúde;Fortalecer os serviços de saúde mental e tratamento de dependência química.
Bruno Engler;Segurança;"Fortalecimento e aprimoramento da Guarda Municipal para a atuação conjunta com outras forças de segurança;"
Bruno Engler;Segurança;"Aumentar o efetivo e melhorar as condições de trabalho da Guarda Municipal;"
Bruno Engler;Segurança;"Criação e ampliação de políticas de prevenção social à criminalidade;"
Bruno Engler;Segurança;"Ampliação e fortalecimento dos programas de enfrentamento à violência contra as mulheres;"
Bruno Engler;Segurança;"Ampliação do videomonitoramento para todas as regiões e principais vias de BH;"
Bruno Engler;Segurança;"Revitalização e melhoramento dos espaços urbanos para aumentar a sensação de segurança;Ampliação da atuação da Guarda Municipal nas escolas da rede municipal, nos postos de saúde e hospitais;"
Bruno Engler;Segurança;"Investir em tecnologia, como sistemas de câmeras de segurança, sensores, drones e análise de dados;"
Bruno Engler;Segurança;"Uso da inteligência artificial para prever e analisar padrões de criminalidade;"
Bruno Engler;Segurança;"Desenvolver parcerias com o setor privado para melhorar a segurança em áreas como centros comerciais e bairros;"
Bruno Engler;Segurança;"Fortalecer programas de segurança comunitária;"
Bruno Engler;Segurança;"Criação de programas de treinamento contínuo para os profissionais de segurança para lidar com novas ameaças e melhorar as técnicas de abordagem e resolução de conflitos;"
Bruno Engler;Segurança;"Implantação da Ronda Ostensiva Municipal (ROMU) da Guarda Municipal;"
Bruno Engler;Segurança;"Ampliação e modernização do arsenal e dos equipamentos para a Guarda Municipal;"
Bruno Engler;Segurança;Ampliação das bases móveis da Guarda Municipal.
Mauro Tramonte;Educação;"Zerar a fila de espera por vagas na educação infantil;"
Mauro Tramonte;Educação;"Ampliar o atendimento em tempo integral, com aumento do horário de funcionamento das escolas e a oferta de mais atividades extracurriculares;"
Mauro Tramonte;Educação;"Contratar mais professores para a rede de ensino municipal;"
Mauro Tramonte;Educação;"Capacitar os profissionais da educação para atender os estudantes com transtornos, especialmente transtorno do espectro do autismo (TEA) e transtorno de déficit de atenção e hiperatividade (TDAH);"
Mauro Tramonte;Educação;"Inserir os estudantes do projeto Educação de Jovens e Adultos (EJA) em cursos profissionalizantes;"
Mauro Tramonte;Educação;"Inserir, ao menos, em cada unidade escolar um psicólogo, um assistente social e um bibliotecário;"
Mauro Tramonte;Educação;"Colocar a patrulha escolar no entorno das instituições para dar segurança à comunidade escolar;"
Mauro Tramonte;Educação;"Implantar programa de intercâmbio para alunos destaques;"
Mauro Tramonte;Educação;"Criar programa para ajudar alunos da rede pública municipal a se preparem para o Enem;"
Mauro Tramonte;Educação;"Implantar programa de saúde nas escolas, com foco em atendimentos odontológicos, oftalmológicos e atenção psicossocial;"
Mauro Tramonte;Educação;Valorização de creches parceiras.
Mauro Tramonte;Mobilidade Ativa;"Implementar um sistema de monitoramento por vídeo, com imagens em tempo real, do transporte coletivo;"
Mauro Tramonte;Mobilidade Ativa;"Modernizar e expandir a rede de transporte público, incluindo novas linhas, veículos e implantar 50 km de vias exclusivas ou prioritárias para o transporte público;"
Mauro Tramonte;Mobilidade Ativa;"Criar faixas exclusivas para motociclistas;"
Mauro Tramonte;Mobilidade Ativa;"Aumentar o número de viagens de ônibus e de abrigos (pontos de ônibus);"
Mauro Tramonte;Mobilidade Ativa;"Garantir a transparência das informações sobre a tarifa e valores pagos pelas empresas;"
Mauro Tramonte;Mobilidade Ativa;"Dialogar com os cidadãos de BH sobre a nova concessão do transporte coletivo;"
Mauro Tramonte;Mobilidade Ativa;"Implementar semáforos inteligentes com sensores e câmeras de monitoramento do fluxo de veículos em tempo real;"
Mauro Tramonte;Mobilidade Ativa;"Desenvolver sistemas de integração entre ônibus, metrô e transporte metropolitano;"
Mauro Tramonte;Mobilidade Ativa;"Apoiar a ampliação do metrô até o Barreiro e a extensão da Linha 1;"
Mauro Tramonte;Mobilidade Ativa;"Trazer, para Belo Horizonte, novos modais de transporte público;"
Mauro Tramonte;Mobilidade Ativa;Aperfeiçoar a infraestrutura para ciclistas e pedestres com ciclovias e calçadas.
Mauro Tramonte;Saúde;"Aumentar horário de funcionamento de centros de saúde próximos às UPAs;"
Mauro Tramonte;Saúde;"Criar o “Zap da Saúde”, sistema de comunicação com o paciente via aplicativo para a confirmação de consultas especializadas e exames médicos;"
Mauro Tramonte;Saúde;"Ampliar parcerias com a rede filantrópica, com a rede privada e faculdades de medicina, para aumentar o número de atendimentos de exames e cirurgias;"
Mauro Tramonte;Saúde;"Equipar o Centro Municipal de Diagnóstico por Imagem com máquinas modernas e mais médicos;"
Mauro Tramonte;Saúde;"Melhorar a estrutura física dos centros de saúde e das UPAs;"
Mauro Tramonte;Saúde;"Criar um sistema que permita que os médicos consultem o histórico do paciente em tempo real e criar protocolos e dicas individualizadas de cuidados com a saúde;"
Mauro Tramonte;Saúde;"Adotar, de forma ampla, o vacimóvel;"
Mauro Tramonte;Saúde;"Expandir a disponibilidade de teleconsultas;"
Mauro Tramonte;Saúde;"Reforçar as equipes de saúde em áreas com maior demanda;"
Mauro Tramonte;Saúde;"Resgatar a capacidade de atendimentos na saúde bucal;"
Mauro Tramonte;Saúde;"Criar mais centros de reabilitação e expandir o atendimento em ortopedia nas UPAs;"
Mauro Tramonte;Saúde;"Ampliar a rede de atendimento em saúde mental e, também, o tratamento de dependência química e álcool;"
Mauro Tramonte;Saúde;Qualificar lideranças da comunidade local para a criação de uma rede de saúde mental em parceria com a prefeitura.
Mauro Tramonte;Segurança;"Criar um grupamento específico na Guarda Civil Municipal para o patrulhamento ostensivo nas principais regiões comerciais da cidade, em cooperação com a Polícia Militar;"
Mauro Tramonte;Segurança;"Nomear 500 novos guardas municipais;"
Mauro Tramonte;Segurança;"Fortalecer o grupamento especializado de proteção às escolas, as patrulhas SUS -- rondas nas unidades de saúde -- e grupamento Maria da Penha;"
Mauro Tramonte;Segurança;"Implementar projeto de repressão à grupos que pratiquem a depredação de edifícios e patrimônio público;"
Mauro Tramonte;Segurança;"Criação de projeto de enfrentamento à desordem do espaço público, com foco na recuperação de equipamentos degradados e no controle de terrenos baldios;"
Mauro Tramonte;Segurança;"Executar projeto para adolescentes que moram em áreas de vulnerabilidade social através de atividades esportivas, culturais e de formação de cidadania;"
Mauro Tramonte;Segurança;Implementar projeto de enfrentamento à violência doméstica.
Duda Salabert;Educação;"Reestabelecer um canal de diálogo com docentes e não docentes sobre plano de carreira e condições de trabalho;"
Duda Salabert;Educação;"Estruturação do plano de formação continuada para orientação e fortalecimento dos professores;"
Duda Salabert;Educação;"Práticas e ações voltadas para a Educação de Jovens Adultos (EJAs);"
Duda Salabert;Educação;"Erradicação do analfabetismo em Belo Horizonte;"
Duda Salabert;Educação;"Criação de polieesportivos em áreas de vulnerabilidade social na capital;"
Duda Salabert;Educação;"Ampliação de vagas em creches e UMEIs, com a criação de novas unidades, especialmente nas periferias;"
Duda Salabert;Educação;"Educação técnica para jovens, em parceria com empresas e instituições de ensino;"
Duda Salabert;Educação;"Requalificação e ampliação dos espaços nas escolas municipais para garantir a acessibilidade para pessoas com deficiência;"
Duda Salabert;Educação;"Desenvolver estratégias para ampliação do número de vagas na educação em tempo integral;"
Duda Salabert;Educação;"Implementar políticas públicas de Educação Ambiental e Climática nas Escolas;"
Duda Salabert;Educação;"Tornar Belo Horizonte um Município Educador Sustentável;"
Duda Salabert;Educação;"Aderir e apoiar a Conferência Nacional Infantojuvenil nas escolas municipais, realizando a conferência municipal Infantojuvenil pelo Meio Ambiente;"
Duda Salabert;Educação;"Expandir a manutenção de recursos tecnológicos que possibilitem o acesso às tecnologias digitais de informação e comunicação em diferentes ambientes educativos, incluindo pessoas com deficiência;"
Duda Salabert;Educação;"Melhorar a infraestrutura da conexão de internet nos ambientes da rede municipal de ensino;"
Duda Salabert;Educação;"Reestruturar o processo pedagógico e preparar protocolos para lidar com crises sanitárias;"
Duda Salabert;Educação;"Garantir acompanhamento e atendimento monitorado aos filhos de estudantes do EJA, com atendimento no mesmo lugar das aulas dos pais;"
Duda Salabert;Educação;"Ações que garantam a melhoria do Índice de Desenvolvimento da Educação Básica (INDEB) de Belo Horizonte;"
Duda Salabert;Educação;"Aumentar o tempo de permanência de crianças nas escolas com projetos de contraturno e ampliação do tempo integral por meio de parcerias intersetoriais;"
Duda Salabert;Educação;"Inserir psicólogos escolares e infantis em escolas municipais;"
Duda Salabert;Educação;"Qualificar os profissionais da educação para acompanhamento pedagógico de crianças e jovens com transtornos;"
Duda Salabert;Educação;"Criar parcerias com órgãos de saúde municipais e estaduais, públicos e privados, para garantir atendimento educacional especializado com atendimentos clínicos com psicológicos, terapêuticos ocupacionais e fonoaudiológicos;"
Duda Salabert;Educação;Estabelecer o ensino e a difusão da Língua Brasileira de Sinais (LIBRAS) e do sistema de escrita Braille nas escolas municipais.
Duda Salabert;Mobilidade Ativa;A mobilidade urbana é um dos principais temas dessas eleições em Belo Horizonte. Duda Salabert propõe que o transporte na capital seja custeado com recursos públicos e que a prefeitura tenha controle da bilhetagem eletrônica dos ônibus para gerenciar o dinheiro e as informações sobre a demanda do serviço no município.
Duda Salabert;Mobilidade Ativa;"Dar transparência aos dados sobre o transporte público;"
Duda Salabert;Mobilidade Ativa;"Realizar diagnóstico da mobilidade urbana em BH;"
Duda Salabert;Mobilidade Ativa;"Junto de outros prefeitos e governadores, elaborar e instituir o Sistema Único de Mobilidade (SUM);"
Duda Salabert;Mobilidade Ativa;"Ampliar as fontes de financiamento para programas, projetos e serviços de mobilidade urbana, como os Veículos Leves sobre Trilhos (VLTs);"
Duda Salabert;Mobilidade Ativa;"Fortalecimento das Comissões Regionais de Transportes e Trânsito (CRTTs);"
Duda Salabert;Mobilidade Ativa;"Revisar o funcionamento do grupo de trabalho Pedala BH;"
Duda Salabert;Mobilidade Ativa;"Efetivar a Visão Zero, conceito que coloca a vida como principal prioridade no planejamento do transporte;"
Duda Salabert;Mobilidade Ativa;"Implementar ações para garantir que as leis de mobilidade urbana para pessoas com deficiência sejam cumpridas;"
Duda Salabert;Mobilidade Ativa;"Ampliar o número de ônibus elétricos em Belo Horizonte;"
Duda Salabert;Mobilidade Ativa;"Orientação e conscientização de proprietários de imóveis e terrenos sobre limpeza, conservação e construção de calçadas que respeitem as diretrizes de acessibilidade;"
Duda Salabert;Mobilidade Ativa;"Garantir através da fiscalização e aplicação de multas a remoção e obstrução das calçadas;"
Duda Salabert;Mobilidade Ativa;"Devolver para a PBH, BHTrans/Sumob, o poder de aplicar multas;"
Duda Salabert;Mobilidade Ativa;"Intensificar o diálogo com a Agência Metropolitana e integrar os sistemas de ônibus municipal e metropolitano;"
Duda Salabert;Mobilidade Ativa;"Estudar novas formas de deslocamento e oferta de serviços de transporte entre os aeroportos de BH e as regiões centrais da cidade;"
Duda Salabert;Mobilidade Ativa;"Garantir transporte coletivo no período da noite e madrugada;"
Duda Salabert;Mobilidade Ativa;"Participação ativa do município em discussões envolvendo o metrô de BH;"
Duda Salabert;Mobilidade Ativa;Treinamento de motoristas de ônibus e táxis para respeito à diversidade de usuários do sistema de trânsito.
Duda Salabert;Saúde;"Revisão dos salários dos servidores da área da saúde;"
Duda Salabert;Saúde;"Retomar apoio institucional junto à atenção primária;"
Duda Salabert;Saúde;"Implementar programa de formação continuada e atualização profissional dos servidores da saúde pública municipal;"
Duda Salabert;Saúde;"Escuta ativa e qualificada dos usuários dos serviços de saúde;"
Duda Salabert;Saúde;"Reduzir filas de espera de cirurgias eletivas e consultas médicas;"
Duda Salabert;Saúde;"Ampliação no número de pediatras e de profissionais da saúde mental;"
Duda Salabert;Saúde;"Fortalecer a atuação do Conselho de Saúde;"
Duda Salabert;Saúde;"Ampliar equipes e estruturas nas Unidades Básicas de Saúde;"
Duda Salabert;Saúde;"Facilitar acesso de idosos à saúde através do atendimento domiciliar;"
Duda Salabert;Saúde;"Ampliar rede de serviços de convivência dos idosos com ajuda de terapeutas ocupacionais;"
Duda Salabert;Saúde;"Incluir psicólogos e terapeutas ocupacionais em Unidades Básicas de Saúde;"
Duda Salabert;Saúde;"Garantir autonomia da Conferência Municipal de Saúde;"
Duda Salabert;Saúde;"Promover formação de profissionais para atendimento qualificado da população LGBTQIAPN+;"
Duda Salabert;Saúde;"Ampliar e criar novas campanhas de prevenção de doenças crônicas e programas de promoção da saúde;"
Duda Salabert;Saúde;"Estabelecer protocolo integrado com a RMBH para a prevenção de contaminação de vírus;"
Duda Salabert;Saúde;Valorizar políticas de saúde bucal.
Duda Salabert;Segurança;"Valorizar a carreira dos servidores da Guarda Municipal;"
Duda Salabert;Segurança;"Criar um programa de apoio à saúde mental dos Guardas Municipais;"
Duda Salabert;Segurança;"Garantir que as viaturas usadas pelos guardas correspondam às necessidades cotidianas dos serviços prestados;"
Duda Salabert;Segurança;"Articular atuação conjunta da Guarda Municipal e da Polícia Militar;"
Duda Salabert;Segurança;"Ampliar canais de participação social nos processos de elaboração, monitoramento e avaliação de políticas públicas;"
Duda Salabert;Segurança;"Ampliar modelo de Ouvidoria-Geral;"
Duda Salabert;Segurança;"Manter a base de dados sobre violências atualizada e de fácil acesso aos cidadãos;"
Duda Salabert;Segurança;"Prioridade à proteção da vida e diminuição de confrontos entre agentes públicos e sociedade;"
Duda Salabert;Segurança;"Adotar políticas para a prevenção ao crime e a violência com participação dos atores da segurança pública, educação, assistência social e da comunidade;"
Duda Salabert;Segurança;"Reduzir, e tentar zerar, a violência contra crianças, adolescentes, mulheres e a população LGBTQIAPN+ em BH;"
Duda Salabert;Segurança;"Ampliar a prevenção e tratamento da dependência química e as oportunidades de reinserção social de egressos dos sistemas socioeducativo e prisional;"
Duda Salabert;Segurança;"Implementação efetiva de um programa de enfrentamento ao racismo institucional dentro da prefeitura;"
Duda Salabert;Segurança;"Elaborar e executar políticas interseccionais de combate ao genocídio de jovens negros;"
Duda Salabert;Segurança;Aumentar a apreensão de armas de fogo e reduzir a circulação de armas ilegais em BH.
Fuad Noman;Educação;"12 novas escolas municipais até 2025;"
Fuad Noman;Educação;"Zerar a fila de espera em creches para crianças já cadastradas no sistema e que espera de uma vaga;"
Fuad Noman;Educação;"Abrir 1.800 novas vagas em horário integral para crianças já matriculadas em 2024 em horário parcial na rede municipal;"
Fuad Noman;Educação;"2.400 novas vagas na educação infantil em horário integral;"
Fuad Noman;Educação;"4.800 novas vagas na educação infantil em horário parcial;"
Fuad Noman;Educação;"960 novas vagas na educação fundamental;"
Fuad Noman;Educação;"Mil vagas em creches conveniadas à Prefeitura de BH;"
Fuad Noman;Educação;R$403 milhões de orçamento anual para a pasta da Educação.
Fuad Noman;Mobilidade Ativa;No que envolve a mobilidade urbana em Belo Horizonte, Fuad lista seus feitos ao longo da gestão, mas não apresenta novas propostas.
Fuad Noman;Mobilidade Ativa;Dentre os destaques, o prefeito cita:
Fuad Noman;Mobilidade Ativa;"Programa Tolerância Zero às empresas de ônibus na capital;"
Fuad Noman;Mobilidade Ativa;"Renovação da frota do transporte coletivo;"
Fuad Noman;Saúde;Modernização do sistema de saúde municipal através de um sistema integrado entre médicos e pacientes com a disponibilização do histórico de saúde através de um prontuário eletrônico.
Fuad Noman;Saúde;Criação de um aplicativo de celular para o agendamento de consultas, acesso aos resultados de exames, cartão de vacina e histórico de atendimento do paciente.
Fuad Noman;Segurança;Na pasta da segurança pública, Fuad Noman volta a destacar ações do primeiro mandato que que terão continuidade em uma eventual reeleição.
Fuad Noman;Segurança;"Aumento no número de guardas municipais em BH;"
Fuad Noman;Segurança;"Novas câmeras no monitoramento da cidade;"
Fuad Noman;Segurança;Agentes da segurança nas Unidades de Pronto-Atendimento (UPAs) e Centros de Saúde da capital.
Rogério Correia;Educação;Na área da educação, o professor e deputado propõe parcerias com universidades públicas para ajudar no desenvolvimento profissional de professores da rede municipal, a ampliação do número de matrículas em tempo integral e fortalecer a política de alimentação escolar.
Rogério Correia;Educação;"Criar efetivas estratégias de articulação dos serviços municipais de educação escolar, saúde, assistência social, cultura, segurança, lazer e esportes;"
Rogério Correia;Educação;"Garantir o acesso de crianças de 0 a 3 anos a escolas da rede municipal ou de creches conveniadas em tempo integral;"
Rogério Correia;Educação;"Criação de um plano de férias para crianças;"
Rogério Correia;Educação;"Ampliar as condições de atendimento nas escolas para pessoas com deficiência;"
Rogério Correia;Educação;"Construir coletivamente políticas para garantir segurança interna dentro das escolas;"
Rogério Correia;Educação;"Implementar ações contra a evasão ou abandono escolar;"
Rogério Correia;Educação;"Implementar ações para enfrentar as dificuldades na da educação de pessoas jovens, adultas e idosas;"
Rogério Correia;Educação;"Ampliar o benefício do programa Pé-de-Meia para estudantes do ensino fundamental e EJA;"
Rogério Correia;Educação;"Vincular todas as políticas municipais ao letramento político;"
Rogério Correia;Educação;"Garantir o pagamento integral do piso nacional da educação aos servidores;"
Rogério Correia;Educação;"Executar adequações e melhoria na infraestrutura das escolas de toda a rede municipal;"
Rogério Correia;Educação;Colocar internet e disponibilizar computadores e outros dispositivos eletrônicos nas escolas.
Rogério Correia;Mobilidade Ativa;Na mobilidade urbana, Correia quer, se eleito, construir viadutos de transposição no Anel Rodoviário e revisar a política tarifária do transporte coletivo na capital mineira.
Rogério Correia;Mobilidade Ativa;"Fortalecer o Conselho Municipal de Mobilidade Urbana através da renovação do grupo e dando caráter deliberativo, ou seja, poder de decisão, em assuntos centrais de mobilidade urbana;"
Rogério Correia;Mobilidade Ativa;"Fortalecer as Comissões Regionais de Transporte e Trânsito;"
Rogério Correia;Mobilidade Ativa;"Garantir a manutenção das calçadas na cidade;"
Rogério Correia;Mobilidade Ativa;"Ampliar a rede de ciclovias e ciclofaixas;"
Rogério Correia;Mobilidade Ativa;"Implantar medidas de prioridade ao transporte coletivo através de vias e faixas exclusivas;"
Rogério Correia;Mobilidade Ativa;"Garantir a implantação e manutenção de pontos de ônibus seguros em todas as paradas com iluminação e abrigo;"
Rogério Correia;Mobilidade Ativa;"Centralizar o subsídio ao sistema de transporte coletivo;"
Rogério Correia;Mobilidade Ativa;"Criar uma política específica e separada de subsídio para o transporte suplementar, os amarelinhos;"
Rogério Correia;Mobilidade Ativa;"Rever e ampliar a licitação de transporte suplementar;"
Rogério Correia;Mobilidade Ativa;"Fiscalizar as empresas que operam o sistema de transporte coletivo de forma eficiente;"
Rogério Correia;Mobilidade Ativa;"Integrar a rede metropolitana de transporte com o Bilhete Único Metropolitano;"
Rogério Correia;Mobilidade Ativa;"Preparar uma nova licitação para o Transporte Coletivo para ser implantada após o vencimento dos atuais contratos;"
Rogério Correia;Mobilidade Ativa;"Implementar soluções de logística urbana, com integração metropolitana, como o Centro de Distribuição de Mercadorias;"
Rogério Correia;Mobilidade Ativa;"Tornar toda a frota a serviço da prefeitura e o transporte coletivo em veículos elétricos em um prazo de 4 anos;"
Rogério Correia;Mobilidade Ativa;"Zerar até 2030 o número de mortos em acidentes de trânsito, por meio de um programa municipal de segurança no trânsito;"
Rogério Correia;Mobilidade Ativa;Investir na educação para a mobilidade urbana.
Rogério Correia;Saúde;"Ampliar agendamentos de consultas e exames por aplicativos;"
Rogério Correia;Saúde;"Garantia de atendimento durante todo o horário de funcionamento dos Centros de Saúde;"
Rogério Correia;Saúde;"Ampliação do atendimento de Saúde da Família;"
Rogério Correia;Saúde;Garantia de que equipes multidisciplinares tenham psicólogos, fisioterapeutas, fonoaudiólogos, nutricionistas, Assistentes Sociais, Terapeutas Ocupacionais e farmacêuticos
Rogério Correia;Saúde;"Passe livre no transporte coletivo para pessoas carentes (CAD-único);"
Rogério Correia;Saúde;"Ampliação das Academias da Cidade;"
Rogério Correia;Saúde;"Redução da mortalidade materna e da mortalidade infantil;"
Rogério Correia;Saúde;"Promoção de ações específicas para os diferentes ciclos de vida das meninas e mulheres, incluindo novo modelo de atenção obstétrica e neonatal a assistência ao planejamento reprodutivo;"
Rogério Correia;Saúde;"Garantia de vacinas previstas no Programa Nacional de Imunização;"
Rogério Correia;Saúde;"Implantação do Programa Mais Acesso ao Especialista do Governo Federal;"
Rogério Correia;Saúde;"Teleconsultas para a população para suporte e educação dos profissionais;"
Rogério Correia;Saúde;"Ampliação dos serviços de reabilitação;"
Rogério Correia;Saúde;"Construção da nova UPA Noroeste;"
Rogério Correia;Saúde;"Ampliação de 400 leitos hospitalares, em parceria com Hospitais Filantrópicos totalmente SUS;"
Rogério Correia;Saúde;"Ultrassom à beira leito nas UPAs, para evitar internações e melhorar qualidade do cuidado;"
Rogério Correia;Saúde;"Ultrassom nos Centros de Saúde;"
Rogério Correia;Saúde;"Avançar nos cuidados às pessoas e comunidades em situação de vulnerabilidades (população LGBT, população negra, pessoas em situação de rua, indígenas, vilas e favelas);"
Rogério Correia;Saúde;Qualificar a saúde mental, avançando no modelo da reforma psiquiátrica antimanicomial, e cuidar da juventude, em especial nas periferias, com ampliação do programa Arte na Saúde.
Rogério Correia;Saúde;"Gestão democrática: todas as unidades com colegiado gestor;"
Rogério Correia;Saúde;"Intensificar ações de prevenção à dengue, zika e chikungunya cuidando das praças, ruas e beiras de córrego, e mobilizando a população para o cuidado dos quintais, e ampliar vacinação contra a dengue em parceria com o Governo Lula;"
Rogério Correia;Saúde;"Ampliar o cuidado à saúde animal, inclusive com convênios do SUS-BH com faculdades de medicina veterinária e ONGs protetoras de animais;"
Rogério Correia;Saúde;Implantar as Práticas Integrativas e Comunitárias de Saúde (PICS) e farmácias em todos os Centros de Saúde.
Rogério Correia;Segurança;"Reforçar o papel de BH na redução e prevenção de violências e criminalidade, especialmente em áreas mais vulneráveis;"
Rogério Correia;Segurança;"Fortalecer Secretaria Municipal de Segurança Pública, Centro Integrado de Operações (COP) e Guarda Municipal com ações da União e do Estado de Minas Gerais;"
Rogério Correia;Segurança;"Promover ações de readequação dos espaços públicos, usados para o uso de drogas;"
Rogério Correia;Segurança;"Fortalecer equipamentos já existentes com o uso da tecnologia para ajudar a identificar procurados pela justiça e recuperar bens roubados;"
Rogério Correia;Segurança;"Promover a segurança cidadã nas escolas;"
Rogério Correia;Segurança;Incentivar a formação continuada da Guarda Municipal.
Indira Xavier;Educação;"Criação do programa “Educação é um Direito Humano” que estimula iniciativas de educação através de um mapeamento por bairro;"
Indira Xavier;Educação;"Novo modelo de educação para o desenvolvimento intelectual, cultural e social dos alunos por uma perspectiva do processo de ensino e aprendizagem da educação popular;"
Indira Xavier;Educação;"Novos concursos para servidores da área da educação;"
Indira Xavier;Educação;"Realização da conferência municipal de educação para promover o empoderamento da comunidade escolar, de professores, técnicos e auxiliares educacionais, estudantes, pais e responsáveis;"
Indira Xavier;Educação;Colocar em prática a Lei 10.639/2003, que garante o ensino da história e da cultura africana, afro-brasileira e índigena nas instituições de ensino.
Indira Xavier;Mobilidade Ativa;"Desburocratização do passe livre para estudantes do ensino médio e passe livre estudantil universitário;"
Indira Xavier;Mobilidade Ativa;"Congelamento na tarifa do transporte público;"
Indira Xavier;Mobilidade Ativa;"Estatizar empresas de ônibus e metrô;"
Indira Xavier;Mobilidade Ativa;"Aumento na circulação dos ônibus suplementares em bairros de Belo Horizonte;"
Indira Xavier;Mobilidade Ativa;"Redução da jornada de trabalho dos motoristas de ônibus e possível volta dos cobradores nos coletivos;"
Indira Xavier;Mobilidade Ativa;"Cartão único para o transporte;"
Indira Xavier;Mobilidade Ativa;"Ampliação das linhas do metrô;"
Indira Xavier;Mobilidade Ativa;"Ciclovias que atendam todo o município e que sejam integradas ao sistema de transporte público;"
Indira Xavier;Mobilidade Ativa;"Criação de uma empresa pública de táxi;"
Indira Xavier;Saúde;"Fim de Parcerias Públicos-Privadas (PPP) na área da saúde;"
Indira Xavier;Saúde;"Novos concursos públicos para a pasta;"
Indira Xavier;Saúde;"Construção de um laboratório municipal de medicamentos;"
Indira Xavier;Saúde;Promoção da saúde da população negra.
Indira Xavier;Segurança;"Desmilitarização da Guarda Municipal de BH;"
Indira Xavier;Segurança;Retiradas de estátuas, nomes de ruas e praças com referências à figuras fascistas e racistas.
Carlos Viana;Saúde;Melhorar a qualidade de vida dos cidadãos através de investimentos em saúde preventiva e ampliação do atendimento básico.
Carlos Viana;Educação;Focar na qualidade do ensino público municipal, com ênfase na formação continuada de professores e modernização das escolas.
Carlos Viana;Mobilidade Urbana;Desenvolver um novo plano de mobilidade urbana para Belo Horizonte, priorizando o transporte público e alternativas sustentáveis.
Carlos Viana;Segurança;Implementar medidas para reduzir a violência urbana, com foco especial na situação dos moradores de rua e prevenção do crime.
Carlos Viana;Meio Ambiente;Promover políticas de sustentabilidade ambiental, integrando desenvolvimento econômico com preservação do meio ambiente.
Carlos Viana;Economia;Criar um novo plano de desenvolvimento econômico para a cidade, focando na atração de investimentos e geração de empregos.
Carlos Viana;Habitação;Desenvolver programas habitacionais para reduzir o déficit de moradias e melhorar as condições de vida nas áreas mais carentes.
Carlos Viana;Cultura;Investir na promoção da cultura local, valorizando os artistas e espaços culturais de Belo Horizonte.
Fuad Noman;Mobilidade;Expandir a rede de ciclovias e implementar um sistema de compartilhamento de bicicletas em toda a cidade.
Fuad Noman;Saúde;Criar centros de saúde 24 horas em todas as regionais da cidade para melhorar o acesso ao atendimento médico.
Bruno Engler;Segurança;Aumentar o efetivo da Guarda Municipal e implementar um sistema de videomonitoramento inteligente em áreas críticas.
Bruno Engler;Educação;Implementar um programa de educação em tempo integral nas escolas municipais, com foco em atividades extracurriculares.
Duda Salabert;Meio Ambiente;Criar um programa de incentivos fiscais para empresas que adotem práticas sustentáveis e de baixo impacto ambiental.
Duda Salabert;Cultura;Estabelecer um fundo municipal para apoiar artistas locais e promover eventos culturais em todas as regiões da cidade.
Rogério Correia;Habitação;Desenvolver um programa de regularização fundiária para comunidades em áreas de ocupação irregular.
Rogério Correia;Economia;Criar um programa de microcrédito para pequenos empreendedores, focando em negócios em áreas periféricas da cidade.
Bruno Engler;Educação;Construção de novas EMEIs
Bruno Engler;Educação;Ampliação da oferta de vagas em tempo integral (infantil e fundamental)
Bruno Engler;Educação;Ampliação da rede parceira de educação infantil
Bruno Engler;Educação;Foco na melhoria da qualidade do ensino na rede municipal
Bruno Engler;Educação;Garantir infraestrutura adequada em todas as escolas da capital
Bruno Engler;Educação;Modernização do ensino com novas tecnologias
Bruno Engler;Educação;Valorização dos profissionais de educação
Bruno Engler;Educação;Criação de novas parcerias para implementação do modelo de gestão cívico-militar em unidades de ensino com maior vulnerabilidade social
Bruno Engler;Educação;Ampliação do número de escolas especiais e melhoria da estrutura das escolas da rede municipal com equipes de profissionais especializados e multidisciplinares para alunos com TEA ou necessidades especiais
Bruno Engler;Educação;Criação de sala sensorial em escolas com alunos matriculados portadores do transtorno do espectro autista (TEA)
Bruno Engler;Educação;Designação de Guardas Municipais para a promoção da segurança no ambiente escolar
Bruno Engler;Saúde;Integralizar e digitalizar todas as informações do sistema de saúde municipal
Bruno Engler;Saúde;Expansão e melhoria da infraestrutura da saúde (construção e modernização de UBSs e UPAs)
Bruno Engler;Saúde;Melhorar a coordenação da rede entre UBSs, UPAs e hospitais (públicos e privados)
Bruno Engler;Saúde;Implantação do Teleatendimento
Bruno Engler;Saúde;Criação de aplicativo com informações em tempo real sobre unidades de saúde
Bruno Engler;Saúde;Descentralização do atendimento especializado para as unidades de saúde de BH
Bruno Engler;Saúde;Fortalecimento da rede hospitalar própria (aprimoramento da gestão dos hospitais Odilon Behrens e Dr. Célio de Castro)
Bruno Engler;Saúde;Fortalecer e estreitar a parceria com os hospitais filantrópicos
Bruno Engler;Saúde;Foco na Prevenção por meio do desenvolvimento de programas e campanhas educacionais em saúde
Bruno Engler;Saúde;Foco na prevenção de doenças crônicas (diabetes e hipertensão)
Bruno Engler;Saúde;Implantação de programa de prevenção da pré-eclâmpsia e eclâmpsia
Bruno Engler;Saúde;Atenção às necessidades específicas, entre elas a Saúde Mental e Dependência Química
Bruno Engler;Segurança Pública;Fortalecimento e aprimoramento da Guarda Municipal
Bruno Engler;Segurança Pública;Aumentar o efetivo e melhorar as condições de trabalho da Guarda Municipal
Bruno Engler;Segurança Pública;Criação e ampliação de políticas de prevenção social à criminalidade
Bruno Engler;Segurança Pública;Ampliação e fortalecimento dos programas de enfrentamento à violência contra as mulheres
Bruno Engler;Segurança Pública;Ampliação do videomonitoramento
Bruno Engler;Segurança Pública;Revitalização e melhoramento dos espaços urbanos
Bruno Engler;Segurança Pública;Ampliação da atuação da Guarda Municipal (escolas, postos de saúde e hospitais)
Bruno Engler;Segurança Pública;Investir em tecnologia de ponta para segurança
Bruno Engler;Segurança Pública;Implementar ferramentas de inteligência artificial para segurança pública
Bruno Engler;Segurança Pública;Desenvolver parcerias com o setor privado para segurança
Bruno Engler;Segurança Pública;Fortalecer programas de segurança comunitária
Bruno Engler;Segurança Pública;Implementação de programas de treinamento contínuo para os profissionais de segurança
Bruno Engler;Segurança Pública;Implantação da Ronda Ostensiva Municipal (ROMU) da Guarda Municipal
Bruno Engler;Segurança Pública;Ampliação e modernização do arsenal e dos equipamentos para a Guarda Municipal
Bruno Engler;Segurança Pública;Ampliação das bases móveis da Guarda Municipal
Bruno Engler;Infraestrutura e Mobilidade Urbana;Implantação de sistemas de controle de tráfego mais modernos com inteligência artificial
Bruno Engler;Infraestrutura e Mobilidade Urbana;Realização de intervenções pontuais para solucionar gargalos de trânsito
Bruno Engler;Infraestrutura e Mobilidade Urbana;Incentivar o uso de transporte sustentável
Bruno Engler;Infraestrutura e Mobilidade Urbana;Melhorar a cobertura e a frequência das linhas de ônibus
Bruno Engler;Infraestrutura e Mobilidade Urbana;Fiscalizar e aprimorar a gestão dos contratos do transporte coletivo de BH
Bruno Engler;Infraestrutura e Mobilidade Urbana;Modernizar e melhorar o sistema de monitoramento do transporte coletivo de BH
Bruno Engler;Infraestrutura e Mobilidade Urbana;Apoiar a construção do Rodoanel
Bruno Engler;Infraestrutura e Mobilidade Urbana;Cobrar da concessionária Metrô BH o cumprimento do cronograma da construção da Linha 2 do Metrô
Bruno Engler;Infraestrutura e Mobilidade Urbana;Fortalecer e ampliar o saneamento de toda a capital
Bruno Engler;Infraestrutura e Mobilidade Urbana;Investir na modernização do sistema de drenagem pluvial
Bruno Engler;Infraestrutura e Mobilidade Urbana;Revisão do Plano Diretor
Bruno Engler;Infraestrutura e Mobilidade Urbana;Liderar o processo de integração da região metropolitana de BH
Bruno Engler;Infraestrutura e Mobilidade Urbana;Intensificar a manutenção de vias e a requalificação de ruas e avenidas
Bruno Engler;Infraestrutura e Mobilidade Urbana;Ampliar as ações de revitalização do centro da capital
Bruno Engler;Infraestrutura e Mobilidade Urbana;Modernizar a iluminação pública
Bruno Engler;Infraestrutura e Mobilidade Urbana;Universalizar a coleta de lixo residencial
Bruno Engler;Meio Ambiente;Reflorestamento de áreas verdes e degradadas
Bruno Engler;Meio Ambiente;Implantação do asfalto e cimento permeável
Bruno Engler;Meio Ambiente;Implantação de um sistema moderno de monitoramento de encostas
Bruno Engler;Meio Ambiente;Implantação de ecopontos para depósito de lixo reciclável
Bruno Engler;Meio Ambiente;Criação de estrutura eficiente para atender com agilidade os licenciamentos ambientais
Bruno Engler;Meio Ambiente;Ampliação e melhoria da estrutura dos parques e espaços verdes
Bruno Engler;Meio Ambiente;Incentivar as intervenções que buscam a infiltração e a captação de água de chuva na capital
Bruno Engler;Meio Ambiente;Aprimoramento da coleta seletiva de lixo
Bruno Engler;Meio Ambiente;Criação de parcerias com o terceiro setor para a educação ambiental nas escolas
Bruno Engler;Desenvolvimento Econômico;Implementação de programas de atração de empresas para BH
Bruno Engler;Desenvolvimento Econômico;Criação de políticas que visem facilitar a vida de quem empreende e melhorar o ambiente de negócios da capital
Bruno Engler;Desenvolvimento Econômico;Fortalecer e ampliar as políticas voltadas para o turismo na cidade
Bruno Engler;Desenvolvimento Econômico;Promover a desburocratização dos licenciamentos de eventos e de acesso aos instrumentos de fomento
Bruno Engler;Desenvolvimento Econômico;Criar incentivos fiscais para atração de empresas de base tecnológica
Bruno Engler;Desenvolvimento Econômico;Implementar programas de capacitação alinhados às demandas do mercado de trabalho
Bruno Engler;Desenvolvimento Econômico;Promover a revisão do Código de Posturas
Bruno Engler;Desenvolvimento Social;Implementar políticas públicas efetivas voltadas aos moradores em situação de rua da capital
Bruno Engler;Desenvolvimento Social;Estabelecimento de parcerias com entidades do terceiro setor que desenvolvem trabalho de acolhimento e assistência aos moradores em situação de rua
Bruno Engler;Desenvolvimento Social;Implantação, de forma articulada com os órgãos estaduais, de ações eficazes de combate ao tráfico e consumo de drogas
Bruno Engler;Desenvolvimento Social;Ampliar a capacidade de atendimento dos programas que previnam as violências contra a criança e o adolescente
Bruno Engler;Desenvolvimento Social;Criação de novos abrigos de acolhimento e reestruturação dos já existentes
Bruno Engler;Desenvolvimento Social;Ampliação do número de banheiros públicos
Bruno Engler;Desenvolvimento Social;Criação e ampliação de políticas de regularização fundiária urbana
Bruno Engler;Desenvolvimento Social;Ampliação de moradias populares e urbanização de vilas, favelas e aglomerados
Bruno Engler;Desenvolvimento Social;Ampliação do número de restaurantes populares
Bruno Engler;Desenvolvimento Social;Atendimento a grupos vulneráveis
Bruno Engler;Desenvolvimento Social;Ampliação de centros de convivência para idosos
Bruno Engler;Desenvolvimento Social;Construção e revitalização de campos de futebol
Bruno Engler;Desenvolvimento Social;Implantação de um Programa de Políticas da Família
Bruno Engler;Desenvolvimento Social;Realização de amplo diagnóstico para a identificação de moradores em situação de rua e suas causas
Bruno Engler;Desenvolvimento Social;Criação de mecanismos de requalificação profissional e reposicionamento no mercado de trabalho para pessoas em vulnerabilidade social e em situação de rua
Bruno Engler;Desenvolvimento Social;Incentivo à internação e ao tratamento de dependentes químicos em situação de rua
Bruno Engler;Desenvolvimento Social;Instituição de atendimento psicológico e psiquiátrico especializados para moradores em situação de rua
Bruno Engler;Políticas para Pessoas com Deficiência (PCD);Criação e ampliação de políticas que atendam às pessoas com necessidades especiais
Bruno Engler;Políticas para Pessoas com Deficiência (PCD);"Criação de uma rede de apoio aos pais atípicos por meio do Programa ""Cuidar de Quem Cuida"""
Bruno Engler;Políticas para Pessoas com Deficiência (PCD);Adoção de medidas que promovam a melhoraria da acessibilidade para pessoas com deficiência
Bruno Engler;Políticas para Pessoas com Deficiência (PCD);Promover e apoiar atividades que contribuam para a efetiva inclusão cultural, social e política das pessoas com deficiência
Bruno Engler;Políticas para Pessoas com Deficiência (PCD);Criação de mecanismos que facilitem e incentivem a inclusão da pessoa com deficiência no mercado de trabalho
Bruno Engler;Políticas para Pessoas com Deficiência (PCD);Criação de Centros Especializados de Atendimento ao Autista, com equipe multidisciplinar
Bruno Engler;Políticas para Pessoas com Deficiência (PCD);Criar campanhas de conscientização sobre a importância da inclusão de pessoas com deficiência e em fase de reabilitação
Bruno Engler;Políticas para Pessoas com Deficiência (PCD);Designar intérpretes de Libras para auxiliarem no atendimento à população de surdos e de mudos nas repartições públicas
Bruno Engler;Políticas para Pessoas com Deficiência (PCD);Implantar, nas repartições públicas, impressoras em braile
Carlos Viana;Organização da Cidade;BH Déficit Zero - Gestão Eficaz dos Gastos Públicos: Eliminar o Déficit Primário das contas públicas municipais.
Carlos Viana;Organização da Cidade;Implementar o Programa BH Déficit Zero para reestruturação das finanças públicas municipais.
Carlos Viana;Organização da Cidade;Gerenciar as despesas com ferramentas de gestão, promovendo transparência.
Carlos Viana;Organização da Cidade;Readequar projetos com foco em áreas prioritárias: saúde, educação, mobilidade urbana e segurança pública.
Carlos Viana;Organização da Cidade;Implantar usina de energia solar para equipamentos públicos municipais.
Carlos Viana;Organização da Cidade;BH Mais Sustentável: Isentar ou reduzir tributos para estabelecimentos que instalarem sistemas de energia solar.
Carlos Viana;Organização da Cidade;Realizar campanhas de conscientização sobre fontes de energia renovável.
Carlos Viana;Organização da Cidade;Ampliar certificações e selos verdes para empresas.
Carlos Viana;Organização da Cidade;Promover a troca de lâmpadas públicas por lâmpadas de LED.
Carlos Viana;Organização da Cidade;Cartão do Povo - Aqui o Povo Tem Vez: Criar o Cartão do Povo para auxílio financeiro e unificação de informações.
Carlos Viana;Organização da Cidade;Implementar o 13º Salário do Bolsa Família pelo Cartão do Povo.
Carlos Viana;Organização da Cidade;Unificar informações de famílias do Cartão do Povo em uma plataforma.
Carlos Viana;Organização da Cidade;Revisão de Plano Diretor, Plano de Uso e Ocupação do Solo e Fortalecimento do Orçamento Participativo
Carlos Viana;Organização da Cidade;Aprimorar o Plano Diretor Municipal e flexibilizar o limite de construção.
Carlos Viana;Organização da Cidade;Adensamento sustentável e facilitação do Retrofit.
Carlos Viana;Organização da Cidade;Coeficiente Construtivo por Região: Estabelecer o coeficiente construtivo por região do imóvel.
Carlos Viana;Organização da Cidade;Revisar o valor máximo da outorga onerosa.
Carlos Viana;Organização da Cidade;Revisar e modernizar o Plano de Uso e Ocupação do Solo.
Carlos Viana;Organização da Cidade;Orçamento Participativo: Fortalecer e incentivar projetos de iniciativa popular.
Carlos Viana;Organização da Cidade;Revitalizar o Centro de BH.
Carlos Viana;Organização da Cidade;Reorganização de BH: Implementar programa de reparos emergenciais em calçadas e ruas de centros comerciais.
Carlos Viana;Organização da Cidade;Rever normas e padronização de calçadas e passeios.
Carlos Viana;Organização da Cidade;Plano de Obras de Prevenção Contra Enchentes: Preparar a cidade para eventos climáticos extremos.
Carlos Viana;Organização da Cidade;Elaborar Plano de Obras de Prevenção Contra Enchentes.
Carlos Viana;Organização da Cidade;Buscar financiamento para minimizar danos de chuvas e enchentes.
Carlos Viana;Organização da Cidade;Implementar ações de prevenção contra enchentes.
Carlos Viana;Organização da Cidade;Otimizar estruturas existentes para suportar chuvas intensas.
Carlos Viana;Organização da Cidade;Revisar o Plano de enfrentamento a desastres climáticos.
Carlos Viana;Organização da Cidade;Valorização dos Servidores Públicos Municipais
Carlos Viana;Organização da Cidade;Implementar Programa de Valorização do Corpo Pedagógico Municipal.
Carlos Viana;Organização da Cidade;Implementar Programa de Capacitação Continuada para servidores.
Carlos Viana;Organização da Cidade;Implementar ações de melhoria da transparência da gestão pública municipal.
Carlos Viana;Organização da Cidade;Realizar capacitação em temáticas transversais para servidores.
Carlos Viana;Organização da Cidade;Implementar Programa de formação de liderança para servidores.
Carlos Viana;Organização da Cidade;Implementar o Programa BH Mais Digital.
Carlos Viana;Infraestrutura e Mobilidade - Planejamento Urbano;Metrô de Belo Horizonte: Implantar a Linha 2 do Metrô, conectando o Calafate ao Barreiro.
Carlos Viana;Infraestrutura e Mobilidade - Planejamento Urbano;Construir e implementar a Linha 2 do Metrô até 2028.
Carlos Viana;Infraestrutura e Mobilidade - Planejamento Urbano;Fazer a integração de ônibus e metrô.
Carlos Viana;Infraestrutura e Mobilidade - Planejamento Urbano;Mobilidade Urbana - Sistema de Ônibus: Otimizar o sistema de ônibus.
Carlos Viana;Infraestrutura e Mobilidade - Planejamento Urbano;Trocadores de Ônibus: Retornar com o profissional de cobrança nos ônibus.
Carlos Viana;Infraestrutura e Mobilidade - Planejamento Urbano;Fiscalização Rigorosa: Fazer fiscalizações rigorosas nos ônibus.
Carlos Viana;Infraestrutura e Mobilidade - Planejamento Urbano;Revisar o subsídio dado às empresas de ônibus.
Carlos Viana;Infraestrutura e Mobilidade - Planejamento Urbano;Revisar o sistema de ônibus em BH.
Carlos Viana;Infraestrutura e Mobilidade - Planejamento Urbano;Trânsito e Mobilidade Urbana: Otimizar o gerenciamento do trânsito e melhorar a mobilidade urbana.
Carlos Viana;Infraestrutura e Mobilidade - Planejamento Urbano;Implementar sistema unificado e inteligente de semáforos.
Carlos Viana;Infraestrutura e Mobilidade - Planejamento Urbano;Elaborar projeto de lei para construção de edifícios-garagem e garagens subterrâneas.
Carlos Viana;Infraestrutura e Mobilidade - Planejamento Urbano;Aumentar o número de agentes de trânsito.
Carlos Viana;Infraestrutura e Mobilidade - Planejamento Urbano;Obras Estruturantes de Mobilidade Urbana: Readequar estruturas e ampliar a capacidade de tráfego.
Carlos Viana;Infraestrutura e Mobilidade - Planejamento Urbano;Fazer obras estruturantes para melhorar gargalos de trânsito.
Carlos Viana;Infraestrutura e Mobilidade - Planejamento Urbano;Alargar viadutos do anel rodoviário e implementar faixas adicionais.
Carlos Viana;Infraestrutura e Mobilidade - Planejamento Urbano;Construir novos viadutos de acesso ao centro de BH.
Carlos Viana;Infraestrutura e Mobilidade - Planejamento Urbano;Participar das discussões sobre a implementação do Rodoanel.
Carlos Viana;Promoção do Desenvolvimento Social;Moradia e Habitação: Desenvolver programas sociais para moradia e reduzir o déficit habitacional.
Carlos Viana;Promoção do Desenvolvimento Social;Construir ou reabilitar mais de 80.000 unidades habitacionais até 2028.
Carlos Viana;Promoção do Desenvolvimento Social;Emitir títulos de regularização fundiária urbana.
Carlos Viana;Promoção do Desenvolvimento Social;Isenção na Conta de Água e Luz: Isentar imóveis do Programa de Regularização Fundiária de contas de água e luz por 5 anos.
Carlos Viana;Promoção do Desenvolvimento Social;Assistência Social - Pessoas em Situação de Rua: Implementar programas sociais para atender pessoas em situação de rua.
Carlos Viana;Promoção do Desenvolvimento Social;Realizar parceria com entidades do terceiro setor para atender pessoas em situação de rua.
Carlos Viana;Promoção do Desenvolvimento Social;Reforçar entidades municipais de proteção social.
Carlos Viana;Promoção do Desenvolvimento Social;Oficinas de Revitalização de Técnicas Artesanais Tradicionais: Oferecer oficinas de técnicas artesanais.
Carlos Viana;Promoção do Desenvolvimento Social;Assistência Social - Atendimento Completo, em Todas as Idades: Fornecer atendimento adequado a pessoas de todas as idades.
Carlos Viana;Promoção do Desenvolvimento Social;Fortalecer os CRAS e CREAS.
Carlos Viana;Promoção do Desenvolvimento Social;Realizar credenciamento de casas de repouso para idosos.
Carlos Viana;Promoção do Desenvolvimento Social;Ampliar a rede de acolhimento a usuários de drogas e álcool.
Carlos Viana;Promoção do Desenvolvimento Social;Reforçar a rede de proteção à infância e adolescência.
Carlos Viana;Promoção do Desenvolvimento Social;Reforçar os restaurantes populares.
Carlos Viana;Promoção do Desenvolvimento Social;Vilas, Comunidades, Aglomerados e Favelas: Implementar Programa de Proteção Social para essas localidades.
Carlos Viana;Promoção do Desenvolvimento Social;Secretaria das Comunidades: Criar a Secretaria das Comunidades.
Carlos Viana;Promoção do Desenvolvimento Social;Reformar e iluminar becos e vielas.
Carlos Viana;Promoção do Desenvolvimento Social;Construir e refazer mais de 4 mil escadarias.
Carlos Viana;Promoção do Desenvolvimento Social;Implementar 500 oficinas e atividades culturais, esportivas e artísticas até o final de 2027.
Carlos Viana;Promoção do Desenvolvimento Social;Lançar e apoiar 30 projetos locais de mobilidade e empreendedorismo até o final de 2026.
Carlos Viana;Promoção do Desenvolvimento Social;Fornecer orientação profissional a 20.000 jovens até 2028.
Carlos Viana;Promoção do Desenvolvimento Social;Implementar um projeto de revitalização de espaços públicos com arte urbana.
Carlos Viana;Educação de Qualidade;Valorização dos Profissionais da Educação: Reconhecer e valorizar os profissionais da Educação.
Carlos Viana;Educação de Qualidade;Implementar Programa de Valorização do Corpo Pedagógico Municipal.
Carlos Viana;Educação de Qualidade;Implementar Programa de Capacitação Continuada.
Carlos Viana;Educação de Qualidade;Obras de Reforma e Estruturação das Escolas Municipais: Melhorar a estrutura das escolas municipais.
Carlos Viana;Educação de Qualidade;Reformar escolas em situação precária.
Carlos Viana;Educação de Qualidade;Modernizar equipamentos e materiais das escolas públicas.
Carlos Viana;Educação de Qualidade;Redução da Evasão Escolar e Distorção Idade-Série: Reduzir a evasão escolar e a distorção idade-série.
Carlos Viana;Educação de Qualidade;Reduzir a taxa de evasão escolar em 20% até 2028.
Carlos Viana;Educação de Qualidade;Diminuir a distorção de formação fora da idade recomendada em 25% até 2028.
Carlos Viana;Educação de Qualidade;Implementar o Programa Família na Escola.
Carlos Viana;Educação de Qualidade;Ampliar a rede de creches credenciadas.
Carlos Viana;Educação de Qualidade;Formação Técnica e Profissional: Oferecer formação técnica e profissional para jovens.
Carlos Viana;Educação de Qualidade;Implementar programas de formação técnica e profissional em 100% das escolas elegíveis até 2028.
Carlos Viana;Educação de Qualidade;Expandir a oferta de cursos técnicos em pelo menos 20 áreas até 2026.
Carlos Viana;Educação de Qualidade;Estabelecer parcerias com pelo menos 50 empresas e instituições até 2026 para estágios e mentorias.
Carlos Viana;Educação de Qualidade;Projeto de Inclusão Cultural e Criativa nas Escolas: Introduzir disciplinas de economia criativa no currículo escolar.
Carlos Viana;Educação de Qualidade;Criar um programa de capacitação em arte e tecnologia.
Carlos Viana;Desenvolvimento Econômico;Desenvolvimento Econômico - Matriz Econômica de Belo Horizonte: Reformular a Matriz Econômica de BH.
Carlos Viana;Desenvolvimento Econômico;Implementar pelo menos 10 projetos estratégicos nas áreas de Turismo, Serviços, Tecnologia e Inovação até 2026.
Carlos Viana;Desenvolvimento Econômico;Implementar projeto de diversificação econômica.
Carlos Viana;Desenvolvimento Econômico;Elaborar e implementar Plano Estratégico de Desenvolvimento Econômico.
Carlos Viana;Desenvolvimento Econômico;Implementar projeto para atração e retenção de investimentos.
Carlos Viana;Desenvolvimento Econômico;Fazer a internacionalização de Belo Horizonte.
Carlos Viana;Desenvolvimento Econômico;Resgatar a competitividade de BH.
Carlos Viana;Desenvolvimento Econômico;Implementar o Projeto Regiões de BH.
Carlos Viana;Desenvolvimento Econômico;Desenvolvimento Econômico - Melhoria do Ambiente Local de Negócios e Desburocratização
Carlos Viana;Desenvolvimento Econômico;Elaborar Plano Detalhado de Desenvolvimento Econômico.
Carlos Viana;Desenvolvimento Econômico;Implementar projeto de diversificação econômica.
Carlos Viana;Desenvolvimento Econômico;Implementar projeto para atração e retenção de investimentos.
Carlos Viana;Desenvolvimento Econômico;Incentivos Fiscais: Implementar política de incentivos fiscais para atração de empresas.
Carlos Viana;Desenvolvimento Econômico;Lei de Liberdade Econômica: Implementar a Lei de Liberdade Econômica em BH.
Carlos Viana;Desenvolvimento Econômico;"Implementar os projetos ""Cidade Empreendedora"" e ""Cidade Inteligente""."
Carlos Viana;Desenvolvimento Econômico;Revisar normas e promover a redução da complexidade regulatória.
Carlos Viana;Desenvolvimento Econômico;Revisar e flexibilizar normas sobre placas comerciais de pequenos negócios.
Carlos Viana;Desenvolvimento Econômico;Inovação, Tecnologia e Empreendedorismo: Tornar BH um polo de tecnologia, inovação e informação.
Carlos Viana;Desenvolvimento Econômico;Programa BH do Futuro: Implementar o Programa BH do Futuro, capacitando jovens em programação e desenvolvimento web.
Carlos Viana;Desenvolvimento Econômico;Incentivar a inovação e o uso de tecnologias.
Carlos Viana;Desenvolvimento Econômico;Implementar programa de formação para atender à demanda do mercado.
Carlos Viana;Desenvolvimento Econômico;Fortalecer o ecossistema de tecnologia.
Carlos Viana;Desenvolvimento Econômico;Incentivar a formação de profissionais em programação.
Carlos Viana;Cultura, Turismo e Lazer;Fortalecimento e estruturação da Cultura, Turismo e Lazer em Belo Horizonte
Carlos Viana;Cultura, Turismo e Lazer;Realizar o Carnaval Fora de Época em Belo Horizonte.
Carlos Viana;Cultura, Turismo e Lazer;Fortalecer e apoiar o Carnaval em BH.
Carlos Viana;Cultura, Turismo e Lazer;Implementar Circuitos Turísticos em BH.
Carlos Viana;Cultura, Turismo e Lazer;Fortalecer o Turismo de Negócios em BH.
Carlos Viana;Cultura, Turismo e Lazer;Remodelar o Receptivo Turístico de BH.
Carlos Viana;Cultura, Turismo e Lazer;Calendário de Festividades: Criar o calendário de festividades de BH.
Carlos Viana;Cultura, Turismo e Lazer;Utilizar a tecnologia para ampliar a experiência turística em BH.
Carlos Viana;Cultura, Turismo e Lazer;Revitalizar e reestruturar a comunicação/sinalização na cidade.
Carlos Viana;Cultura, Turismo e Lazer;Sentimento de Orgulho de Belo Horizonte: Resgatar o sentimento de pertencimento da população.
Carlos Viana;Cultura, Turismo e Lazer;Revitalizar o Jardim Zoológico e os Parques Municipais.
Carlos Viana;Cultura, Turismo e Lazer;Rede de Bibliotecas Comunitárias de História Falada: Criar uma rede de bibliotecas comunitárias de história oral.
Carlos Viana;Cultura, Turismo e Lazer;Programa de Adoção de Monumentos e Sítios Históricos: Implementar um programa de adoção de monumentos e sítios históricos.
Carlos Viana;Cultura, Turismo e Lazer;Criação do Museu Digital de BH: Desenvolver um museu digital de BH.
Carlos Viana;Cultura, Turismo e Lazer;Incentivar a gastronomia na capital.
Carlos Viana;Cultura, Turismo e Lazer;Todo Mundo para BH: Ampliar a divulgação dos atrativos de BH.
Carlos Viana;Cultura, Turismo e Lazer;Realizar campanha para promover o turismo interno em BH.
Carlos Viana;Segurança Pública;Ampliação, Valorização e Formação da Guarda Civil Municipal: Fortalecer a Guarda Civil Municipal.
Carlos Viana;Segurança Pública;Nomear os aprovados no concurso da Guarda Civil Municipal na primeira semana de mandato.
Carlos Viana;Segurança Pública;"Alterar o nome para ""Polícia Municipal de Belo Horizonte""."
Carlos Viana;Segurança Pública;Estabelecer programa de formação e capacitação para 100% dos guardas municipais até 2028.
Carlos Viana;Segurança Pública;Criar programa anual de reconhecimento e valorização dos guardas municipais até 2026.
Carlos Viana;Segurança Pública;Contratar mais 2.000 guardas municipais.
Carlos Viana;Segurança Pública;Equipar e capacitar grupos específicos da Guarda Municipal para combate à criminalidade.
Carlos Viana;Segurança Pública;Aumentar o valor do auxílio-fardamento.
Carlos Viana;Segurança Pública;Inteligência e Redução da Criminalidade: Aumentar a sensação de segurança pública.
Carlos Viana;Segurança Pública;Cinturão de Combate ao Crime: Triplicar câmeras de videomonitoramento e modernizar o sistema.
Carlos Viana;Segurança Pública;Criar a Central Integrada de Videomonitoramento.
Carlos Viana;Segurança Pública;Criar Observatório de Segurança Pública.
Carlos Viana;Segurança Pública;Utilizar IA para criar inteligência policial.
Carlos Viana;Segurança Pública;Fazer mapeamento de áreas com maior incidência de crimes de menor potencial ofensivo.
Carlos Viana;Segurança Pública;Prevenção, Amparo e Cuidado com o Cidadão
Carlos Viana;Segurança Pública;Criar núcleo de amparo a vítimas de violência doméstica nas regionais.
Carlos Viana;Segurança Pública;Reforçar e criar políticas públicas de proteção à mulher.
Carlos Viana;Segurança Pública;Fortalecer e estruturar os CRAS e CREAS para acompanhar egressos do sistema prisional.
Carlos Viana;Segurança Pública;"Criar o programa ""Guarda Civil Amiga da Comunidade""."
Carlos Viana;Segurança Pública;Implementar estrutura para captar recursos para segurança pública.
Carlos Viana;Segurança Pública;Aumentar a quantidade de bases móveis da Guarda Municipal.
Carlos Viana;Meio Ambiente;Meio Ambiente e Lagoa da Pampulha: Proteger o meio ambiente.
Carlos Viana;Meio Ambiente;Otimizar o uso dos aterros sanitários.
Carlos Viana;Meio Ambiente;Implementar a coleta seletiva de lixo.
Carlos Viana;Meio Ambiente;Revisar e acompanhar as ações do Plano de despoluição da Lagoa da Pampulha.
Carlos Viana;Meio Ambiente;Revitalizar a Lagoa da Pampulha.
Carlos Viana;Meio Ambiente;Articular com a Copasa a melhoria do abastecimento de água.
Carlos Viana;Melhoria da Saúde Pública Municipal;Melhoria da Saúde Pública Municipal: Melhorar a infraestrutura da saúde e o atendimento à população.
Carlos Viana;Melhoria da Saúde Pública Municipal;Melhorar as UPAs e o atendimento.
Carlos Viana;Melhoria da Saúde Pública Municipal;Revitalizar os postos de saúde.
Carlos Viana;Melhoria da Saúde Pública Municipal;Incrementar a distribuição de medicamentos.
Carlos Viana;Melhoria da Saúde Pública Municipal;Reduzir a fila de espera por exames e consultas.
Carlos Viana;Melhoria da Saúde Pública Municipal;Revisar as políticas públicas de saúde.
Carlos Viana;Melhoria da Saúde Pública Municipal;Implementar ações para reduzir a fila de espera por cirurgias eletivas.
Carlos Viana;Melhoria da Saúde Pública Municipal;Valorizar os profissionais da saúde.
Carlos Viana;Melhoria da Saúde Pública Municipal;Revisar o sistema de controle epidemiológico.
Carlos Viana;Melhoria da Saúde Pública Municipal;Saúde em Ação: Atender às necessidades de saúde da população.
Carlos Viana;Melhoria da Saúde Pública Municipal;Implementar o Centro de Referência do Idoso.
Carlos Viana;Melhoria da Saúde Pública Municipal;Realizar busca ativa para vacinação.
Carlos Viana;Melhoria da Saúde Pública Municipal;Criar o Centro de Referência da Comunidade LGBTQIA+.
Carlos Viana;Melhoria da Saúde Pública Municipal;Intensificar ações de prevenção a ISTs e gravidez precoce.
Carlos Viana;Melhoria da Saúde Pública Municipal;Realizar campanhas de prevenção contra acidentes domésticos.
Carlos Viana;Melhoria da Saúde Pública Municipal;Fortalecer e estruturar os postos de saúde para atender mulheres.
Carlos Viana;Melhoria da Saúde Pública Municipal;Adequar os postos de saúde para atender pacientes com doenças raras e TEA.
Carlos Viana;Melhoria da Saúde Pública Municipal;Atenção à Saúde Primária e Hospitalar: Garantir atendimento adequado às necessidades de saúde.
Carlos Viana;Melhoria da Saúde Pública Municipal;Realizar a redivisão de territórios para programação regionalizada da saúde.
Carlos Viana;Melhoria da Saúde Pública Municipal;Abrir as escolas para a atenção primária em saúde.
Carlos Viana;Melhoria da Saúde Pública Municipal;Rever o Programa Saúde da Família.
Carlos Viana;Melhoria da Saúde Pública Municipal;Redescubrir e redesenhar a Central de Regulação.
Carlos Viana;Melhoria da Saúde Pública Municipal;Implementar a telemedicina.
Carlos Viana;Melhoria da Saúde Pública Municipal;Priorizar a prevenção e a promoção da saúde.
Duda Salabert;Meio Ambiente e Mudanças Climáticas;Enviar projeto de atualização da Política Municipal de Mitigação dos Efeitos da Mudança Climática de BH
Duda Salabert;Meio Ambiente e Mudanças Climáticas;Criar o cargo de autoridade climática na cidade
Duda Salabert;Meio Ambiente e Mudanças Climáticas;Realizar a 1ª Conferência Sobre Mudanças Climáticas de Belo Horizonte
Duda Salabert;Meio Ambiente e Mudanças Climáticas;Adotar marcadores no orçamento municipal para investimentos relacionados às mudanças climáticas
Duda Salabert;Meio Ambiente e Mudanças Climáticas;Alinhar gastos públicos relacionados às mudanças climáticas a objetivos de descarbonização e adaptação
Duda Salabert;Meio Ambiente e Mudanças Climáticas;Estabelecer metas municipais condizentes com os compromissos declarados pelo Brasil em sua NDC
Duda Salabert;Meio Ambiente e Mudanças Climáticas;Transformar escolas em espaços educativos ambientais (áreas verdes, jardins de chuva, hortas)
Duda Salabert;Gestão de Resíduos;Implementar políticas de gestão de resíduos integradas a outras áreas (assistência social, desenvolvimento econômico, etc.)
Duda Salabert;Gestão de Resíduos;Revisar o Plano Municipal de Gestão Integrada de Resíduos Sólidos de BH
Duda Salabert;Gestão de Resíduos;Implementar pequenas agroflorestas próximas ou dentro dos galpões de catadores
Duda Salabert;Povos Indígenas e Comunidades Tradicionais;Garantir representatividade nos Conselhos de Políticas Públicas Municipais
Duda Salabert;Povos Indígenas e Comunidades Tradicionais;Retomar e fortalecer a feira Abya Ayala, com maior participação de povos indígenas
Duda Salabert;Planejamento e Gestão;Elaborar o Programa de Metas com base nas propostas eleitorais
Duda Salabert;Planejamento e Gestão;Utilizar o Programa de Metas para subsidiar o Plano Plurianual de Ação Governamental (PPAG)
Duda Salabert;Planejamento e Gestão;Fortalecer a relação entre Legislativo Municipal e Executivo
Duda Salabert;Planejamento e Gestão;Ampliar canais de participação social na elaboração de leis
Duda Salabert;Turismo e Cultura;Explorar melhor o potencial turístico da cidade
Duda Salabert;Turismo e Cultura;Promover a economia criativa e a cultura urbana
Duda Salabert;Segurança Hídrica;Fortalecer políticas de preservação de nascentes, brejos, cursos d'água e represas
Duda Salabert;Segurança Hídrica;Garantir Áreas de Proteção Permanente (APP) mais seguras
Duda Salabert;Educação;Melhorar o salário e as condições de trabalho dos professores
Duda Salabert;Educação;Valorizar a carreira de professor como caminho para melhorar a educação
Fuad Noman;Educação;Construção de três escolas e reforma de 117 escolas
Fuad Noman;Educação;Reinauguração da Emei Pilar Olhos d'Água com capacidade ampliada
Fuad Noman;Educação;Inauguração do 1º Centro de Educação Integral Imaculada Conceição
Fuad Noman;Saúde;Entrega da Maternidade do Odilon Behrens
Fuad Noman;Saúde;Construção de 20 novos centros de saúde
Fuad Noman;Saúde;Convocação do maior número de médicos aprovados em concurso dos últimos dez anos
Fuad Noman;Mobilidade Urbana;Construção dos viadutos da BR-040 no Belvedere
Fuad Noman;Mobilidade Urbana;Implementação do BRT da Avenida Amazonas
Fuad Noman;Mobilidade Urbana;Conclusão das obras do Anel Rodoviário
Fuad Noman;Infraestrutura;Conclusão das obras contra enchentes da Vilarinho e Tereza Cristina
Fuad Noman;Infraestrutura;Revitalização do Centro da cidade
Fuad Noman;Meio Ambiente;Plantio de 75 mil árvores desde 2021
Fuad Noman;Meio Ambiente;Implementação de miniflorestas
Fuad Noman;Meio Ambiente;Criação de novos parques
Fuad Noman;Habitação;Conclusão do Vila Viva Santa Lúcia
Fuad Noman;Habitação;Entrega de 1.946 unidades do Programa Minha Casa Minha Vida
Fuad Noman;Habitação;Conclusão de 172 unidades habitacionais para reassentamento
Fuad Noman;Habitação;Regularização de 829 domicílios em vilas e favelas
Fuad Noman;Gestão de Risco;Tratamento de 156 encostas em áreas de risco
Fuad Noman;Gestão de Risco;Conclusão de obras de contenção de encostas em diversas regiões
Fuad Noman;Participação Popular;Investimento de R$ 73 milhões em obras de infraestrutura através do Orçamento Participativo
Fuad Noman;Assistência Social;Implementação do Programa Estamos Juntos para inclusão produtiva da população em situação de rua
Fuad Noman;Assistência Social;Fornecimento de alimentação gratuita nos restaurantes populares
Fuad Noman;Assistência Social;Criação de centros de abrigo para população em situação de rua
Gabriel Azevedo;Transporte;Aprimorar as rotas das linhas de ônibus, garantindo maior eficiência para a população
Gabriel Azevedo;Transporte;Garantir integração entre o sistema de informações de ônibus da cidade e as principais plataformas digitais
Gabriel Azevedo;Transporte;Retomar a presença da Guarda Civil Municipal nos veículos de linhas com maior sensação de insegurança
Gabriel Azevedo;Transporte;Iniciar a construção de um sistema municipal de Veículos Leves sobre Trilhos (VLT ou TRAM) a partir da Avenida Afonso Pena
Gabriel Azevedo;Saúde;Expandir a gratuidade no transporte público para pacientes em tratamento oncológico e outras doenças
Gabriel Azevedo;Saúde;Estabelecer uma carreira sólida municipal de médicos, com realização de concursos públicos
Gabriel Azevedo;Saúde;Integrar os sistemas de saúde, promovendo a colaboração entre centros de saúde, hospitais e especialistas
Gabriel Azevedo;Segurança;Nomear de imediato os aprovados no concurso da Guarda Civil Municipal e promover outro concurso
Gabriel Azevedo;Segurança;Fortalecer a colaboração entre a Polícia Militar, Polícia Civil e Guarda Civil Municipal
Gabriel Azevedo;Segurança;Utilizar a Guarda Civil Municipal como fator de prevenção à violências no Sistema de Transporte Público
Gabriel Azevedo;Segurança;Ampliar o número de câmeras de videomonitoramento na cidade com integração ao Centro de Operações da Prefeitura (COP-BH)
Gabriel Azevedo;Juventude;Implementar cursos técnicos e de qualificação profissional voltados para setores em crescimento
Gabriel Azevedo;Juventude;Garantir uso mais intenso do Centro de Referência das Juventudes, criando mais oito espaços conectados a ele
Gabriel Azevedo;Juventude;Utilizar o Centro de Referência da Juventude como espaço de produção audiovisual para artistas jovens da cidade
Gabriel Azevedo;Gestão;Aprimorar as rotas das linhas de ônibus, garantindo maior eficiência para a população
Gabriel Azevedo;Desenvolvimento Econômico;Fazer de Belo Horizonte a grande cozinha do Brasil e um palco para todos os talentos
Gabriel Azevedo;Desenvolvimento Econômico;Garantir oportunidades de trabalho para jovens, mulheres, negras e negros, pessoas com deficiência e LGBTQIA+
Indira Xavier;Trabalho e Renda;Responsabilizar empresas pelo bem-estar do trabalhador
Indira Xavier;Trabalho e Renda;Criar banco municipal
Indira Xavier;Mobilidade Urbana;Ampliar as linhas do metrô
Indira Xavier;Mobilidade Urbana;Melhorar estruturação do sistema cicloviário
Indira Xavier;Mobilidade Urbana;Criar uma empresa pública de táxi
Indira Xavier;Mobilidade Urbana;Participação popular na criação de novas linhas de ônibus
Indira Xavier;Direitos das Mulheres;Construção de mais creches e EMEIs
Indira Xavier;Direitos das Mulheres;Ampliar o horário de atendimento das creches existentes
Indira Xavier;Meio Ambiente;Tornar Belo Horizonte uma cidade livre da mineração
Indira Xavier;Meio Ambiente;Construção de parques lineares ao longo do leito dos rios
Indira Xavier;Meio Ambiente;Política de replantio de árvores por toda a cidade
Indira Xavier;Meio Ambiente;Despoluição de córregos e rios
Indira Xavier;Meio Ambiente;Desmonopolização da política de tratamento dos resíduos sólidos
Indira Xavier;Habitação;Isenção de pagamento do IPTU para as famílias com renda per capita de até um salário mínimo
Indira Xavier;Direitos Humanos;Criação de Secretaria de Mulheres e combate à LGBTfobia
Indira Xavier;Direitos Humanos;Criação da Secretaria de Direitos Humanos e Combate ao Racismo
Indira Xavier;Direitos Humanos;Aprovação do Projeto de Lei que institui como feriado civil o dia 20 de novembro
Indira Xavier;Direitos Humanos;Garantir medidas contra a intolerância às religiões de matriz africana
Indira Xavier;Direitos Humanos;Garantir mais verbas para as políticas de combate ao racismo
Indira Xavier;Educação;Realização da conferência municipal de educação
Lourdes Francisco;Dívida Pública;Não pagar a dívida pública
Lourdes Francisco;Transporte;Estatizar totalmente o sistema de transporte
Lourdes Francisco;Transporte;Garantir transporte público gratuito para toda a população
Lourdes Francisco;Salário;Garantir salário mínimo digno para funcionários municipais (indicativo de R$7 mil)
Lourdes Francisco;Infraestrutura;Garantir calçamento, esgoto, água e luz para toda a população
Lourdes Francisco;Infraestrutura;Acabar com concessões para empresas privadas em serviços básicos
Lourdes Francisco;Moradia;Apoiar totalmente os movimentos de moradia
Lourdes Francisco;Moradia;Expropriar imóveis da especulação imobiliária e distribuí-los para trabalhadores necessitados
Lourdes Francisco;Emprego;Lançar programa gigantesco de obras públicas para criar empregos
Lourdes Francisco;Participação Popular;Formar conselhos populares deliberativos em cada bairro
Lourdes Francisco;Comércio Informal;Não reprimir camelôs e ambulantes
Lourdes Francisco;Impostos;Diminuir o IPTU para trabalhadores
Lourdes Francisco;Trânsito;"Acabar com a ""indústria da multa"""
Lourdes Francisco;Crédito;Criar sistema de crédito para pequenos empresários
Lourdes Francisco;Alimentação;Criar programa de subsídio de alimentos
Lourdes Francisco;Espaços Públicos;Manter praças e parques como propriedade do município
Lourdes Francisco;Legislação;Cancelar leis que retiram liberdade de expressão e direitos democráticos
Lourdes Francisco;Saúde;Estatizar completamente o sistema de saúde
Lourdes Francisco;Saúde;Realizar enorme investimento no SUS
Mauro Tramonte;Educação;Implantar programa de intercâmbio para alunos que se destacarem na escola
Mauro Tramonte;Educação;Criar programa para ajudar alunos da rede pública a se prepararem para o Enem
Mauro Tramonte;Educação;Implantar programa de saúde na escola, com foco em atendimento odontológico, oftalmológico e atenção psicossocial
Mauro Tramonte;Educação;Valorizar as parcerias com a rede de creches parceiras
Mauro Tramonte;Economia;Implantar a Lei de Liberdade Econômica em Belo Horizonte
Mauro Tramonte;Economia;Manter diálogo aberto e permanente com o setor empresarial
Mauro Tramonte;Infraestrutura;Implementar soluções técnicas, modernas e sustentáveis para problemas de enchentes
Mauro Tramonte;Gestão Pública;Aprimorar a transparência e o diálogo com a sociedade em todos os níveis
Mauro Tramonte;Habitação;Fortalecer a política habitacional para a população de baixa renda
Mauro Tramonte;Habitação;Promover programa de acessibilidade à regularização fundiária
Mauro Tramonte;Habitação;Criar programa de incentivo ao uso residencial e comercial do centro da cidade
Mauro Tramonte;Desenvolvimento Social;Promover ações e parcerias com o terceiro setor para inclusão de jovens no mercado de trabalho
Mauro Tramonte;Desenvolvimento Social;Modernizar e melhorar a estrutura dos conselhos tutelares
Mauro Tramonte;Desenvolvimento Social;Fortalecer e ampliar os programas de atendimento ao idoso
Mauro Tramonte;Cultura e Turismo;Criar o programa CIDADE VIVA, para funcionamento 24 horas da cadeia produtiva da cultura, turismo, gastronomia e lazer
Mauro Tramonte;Cultura e Turismo;Disponibilizar espaços públicos para viabilizar o trabalho dos fazedores de cultura
Mauro Tramonte;Segurança;Aumentar o efetivo da Guarda Municipal
Mauro Tramonte;Segurança;Intensificar o patrulhamento em parques, praças, unidades de saúde, escolas e comércio
Wanderson Rocha;Segurança;Democratizar a polícia, com delegados e chefes eleitos diretamente pela população
Wanderson Rocha;Segurança;Defender o direito à autodefesa dos trabalhadores nas periferias, quilombos, aldeias e comunidades rurais
Wanderson Rocha;Segurança;Contra o uso do reconhecimento facial para identificação de pessoas
Wanderson Rocha;Segurança;Contra a privatização do sistema penitenciário
Wanderson Rocha;Segurança;Desmilitarizar a Guarda Civil Municipal, limitando-a à segurança de órgãos públicos e do patrimônio municipal
Wanderson Rocha;Educação;Contra a municipalização das escolas
Wanderson Rocha;Educação;Contra o projeto SOMAR, que transfere a administração de escolas públicas para a administração privada
Wanderson Rocha;Combate às Opressões;Implementar políticas concretas para mudança na vida das mulheres trabalhadoras
Wanderson Rocha;Combate às Opressões;Combater o machismo, racismo, LGBTfobia e xenofobia
Wanderson Rocha;Meio Ambiente;Considerar as vulnerabilidades ambientais de Belo Horizonte diante das mudanças climáticas ao elaborar políticas públicas
Wanderson Rocha;Meio Ambiente;Contra o Rodoanel, buscando alternativas para resolução do transporte intermunicipal da região metropolitana
Wanderson Rocha;Meio Ambiente;Por um novo modelo de mineração, que não seja baseado na destruição do meio ambiente e da vida das pessoas
Wanderson Rocha;Meio Ambiente;Contra a mineração na Serra do Curral e do Gandarela
Wanderson Rocha;Meio Ambiente;Pela reestatização da Vale
Wanderson Rocha;Política;Defender um programa revolucionário e socialista
Wanderson Rocha;Política;Não aceitar dinheiro da burguesia nem fazer alianças com partidos dos patrões
Wanderson Rocha;Política;Defender a destruição do capitalismo e colocar a classe operária no poder
Rogério Correia;Gestão Democrática;Democratizar a gestão da cidade, incluindo a reestruturação e o fortalecimento das Administrações Regionais
Rogério Correia;Gestão Democrática;Restabelecer as instâncias de participação descontinuadas e o Orçamento Participativo
Rogério Correia;Gestão Democrática;Fortalecer os Conselhos Municipais
Rogério Correia;Gestão Democrática;Instituir o Conselho da Cidade, com a participação ampla de entidades representativas dos setores empresariais
Rogério Correia;Política Urbana e Habitação;Implementar políticas de habitação (mencionado, mas sem detalhes específicos)
Rogério Correia;Políticas de Saneamento;Implementar políticas de saneamento (mencionado, mas sem detalhes específicos)
Rogério Correia;Política para Mulheres;Implementar políticas para mulheres (mencionado, mas sem detalhes específicos)
Rogério Correia;Políticas de Igualdade Racial;Implementar políticas de igualdade racial (mencionado, mas sem detalhes específicos)
Rogério Correia;Segurança Pública Cidadã;Implementar políticas de segurança pública cidadã (mencionado, mas sem detalhes específicos)
Rogério Correia;Direitos dos Animais;Implementar políticas de direitos dos animais (mencionado, mas sem detalhes específicos)
Rogério Correia;Política de Juventude;Implementar políticas para a juventude (mencionado, mas sem detalhes específicos)
Rogério Correia;Educação;Implementar políticas para educação (mencionado, mas sem detalhes específicos)
Rogério Correia;Gestão;Retomar e aprofundar as dimensões republicanas, participativas e inovadoras da gestão da metrópole
